{"online_time_ms": {"fido2": 148.74, "totp": 73.0, "pw": 73.0}, "total_time_ms": {"fido2": 148.74, "totp": 1176.0, "pw": 73.0}, "online_comm_kb": {"fido2": 1770.751953125, "totp": 201.009152, "pw": 3.251953125}, "total_comm_kb": {"fido2": 1770.751953125, "totp": 66486.884352, "pw": 3.251953125}, "out_total_comm_kb": {"fido2": 0.21875, "totp": 37546.7008, "pw": 0}, "auth_record_b": {"fido2": 88, "totp": 88, "pw": 138}, "log_presig_b": {"fido2": 192, "totp": "0", "pw": "0"}, "auths_per_core": {"fido2": 16.4667, "totp": 0.8561643835616439, "pw": 47.61904761904761}, "10M_min_cost": {"fido2": 7.273659337497538, "totp": 18041.55099826389, "pw": 2.479166666666667}, "10M_max_cost": {"fido2": 14.526457049323689, "totp": 32502.369574652777, "pw": 4.958333333333334}}