{"online_time_ms": {"fido2": 150.85, "totp": 73.0, "pw": 75.2}, "total_time_ms": {"fido2": 150.85, "totp": 1152.2, "pw": 75.2}, "online_comm_kb": {"fido2": 1770.751953125, "totp": 200.972288, "pw": 3.251953125}, "total_comm_kb": {"fido2": 1770.751953125, "totp": 66485.342208, "pw": 3.251953125}, "out_total_comm_kb": {"fido2": 0.21875, "totp": 37541.5808, "pw": 0}, "auth_record_b": {"fido2": 88, "totp": 88, "pw": 138}, "log_presig_b": {"fido2": 192, "totp": "0", "pw": "0"}, "auths_per_core": {"fido2": 5.88333, "totp": 0.8692628650904033, "pw": 47.61904761904761}, "10M_min_cost": {"fido2": 20.17041959168732, "totp": 18037.031814236114, "pw": 2.479166666666667}, "10M_max_cost": {"fido2": 40.31997755770326, "totp": 32493.81948784722, "pw": 4.958333333333334}}