{"online_time_ms": {"fido2": 150.07, "totp": 73.0, "pw": 73.0}, "total_time_ms": {"fido2": 150.07, "totp": 1165.0, "pw": 73.0}, "online_comm_kb": {"fido2": 1770.751953125, "totp": 201.459712, "pw": 3.251953125}, "total_comm_kb": {"fido2": 1770.751953125, "totp": 66492.045312, "pw": 3.251953125}, "out_total_comm_kb": {"fido2": 0.21875, "totp": 37552.4352, "pw": 0}, "auth_record_b": {"fido2": 88, "totp": 88, "pw": 138}, "log_presig_b": {"fido2": 192, "totp": "0", "pw": "0"}, "auths_per_core": {"fido2": 6.2, "totp": 0.8795074758135444, "pw": 47.61904761904761}, "10M_min_cost": {"fido2": 19.14552676634976, "totp": 18040.625651041668, "pw": 2.479166666666667}, "10M_max_cost": {"fido2": 38.27019190702814, "totp": 32499.972005208336, "pw": 4.958333333333334}}